{
  "test_single_frame_acc": 0.8170731707317073,
  "video_averaging": {
    "k1": 0.8170731707317073,
    "k3": 0.8048780487804879,
    "k5": 0.8170731707317073,
    "k8": 0.7804878048780488
  }
}